@,B,D,$,E,F,&,G,I,L,M,N,O,Q,U,V,Y,~,
LU0124427344,,7.22.02,,,EUR,2,1.000000,43.430,,,WP-Einlage,0.00|0.00|0.00|0.00|0.00|0.00|0.00|0.00|0.00|0.00|0.00|0.00,0.983000,42.69,7.22.02,DekaStruktur: 3 Wachstum,554002,
DE0005296503,,10.25.02,,,EUR,1,1.000000,5.050,,,WP-Einlage,0.00|0.00|0.00|0.00|0.00|0.00|0.00|0.00|0.00|0.00|0.00|0.00,3.000000,15.15,10.25.02,Combots AG Inhaber-Aktien,,
LU0124427344,,4.17.03,1.14,,EUR,2,1.000000,,|[SBroker (H)],,Payout,0.00|0.00|0.00|0.00|0.00|0.00|0.00|0.00|0.00|0.00|0.00|0.00,0.000000,1.14,4.17.03,DekaStruktur: 3 Wachstum,554002,
DE0005296503,,10.30.03,,,EUR,1,1.000000,10.700,,,WP-Einlage,0.00|0.00|0.00|0.00|0.00|0.00|0.00|0.00|0.00|0.00|0.00|0.00,4.000000,42.80,10.30.03,Combots AG Inhaber-Aktien,,
LU0124427344,,4.20.04,0.87,,EUR,2,1.000000,,|[SBroker (H)],,Payout,0.00|0.00|0.00|0.00|0.00|0.00|0.00|0.00|0.00|0.00|0.00|0.00,0.000000,0.87,4.20.04,DekaStruktur: 3 Wachstum,554002,
DE0005557508,0.00|0.00|0.00,8.13.04,281.33,,EUR,1,1.000000,13.490,|[SBroker (H)],,Kauf,0.00|0.00|0.58|10.95|0.00|0.00|0.00|0.00|0.00|0.00|0.00|0.00,20.000000,281.33,8.13.04,Deutsche Telekom AG Namens-Aktien o.N.,555750,
US5949181045,0.00|0.00|0.00,1.28.05,418.35,,EUR,1,1.000000,20.370,|[SBroker (H)],,Kauf,0.00|0.00|0.00|10.95|0.00|0.00|0.00|0.00|0.00|0.00|0.00|0.00,20.000000,418.35,1.28.05,Microsoft,870747,
US5949181045,,2.15.05,1.20,,EUR,1,1.000000,,|[SBroker (H)],,DivAus,0.00|0.00|0.00|0.00|0.00|0.00|0.00|0.00|0.00|0.00|0.00|0.00,0.000000,1.20,2.15.05,Microsoft,870747,
LU0124427344,,4.20.05,0.66,,EUR,2,1.000000,,|[SBroker (H)],,Payout,0.00|0.00|0.00|0.00|0.00|0.00|0.00|0.00|0.00|0.00|0.00|0.00,0.000000,0.66,4.20.05,DekaStruktur: 3 Wachstum,554002,
DE0005557508,,4.27.05,12.40,,EUR,1,1.000000,,|[SBroker (H)],,DivIn,0.00|0.00|0.00|0.00|0.00|0.00|0.00|0.00|0.00|0.00|0.00|0.00,0.000000,12.40,4.27.05,Deutsche Telekom AG Namens-Aktien o.N.,555750,
US5949181045,,5.16.05,1.30,,EUR,1,1.000000,,|[SBroker (H)],,DivAus,0.00|0.00|0.00|0.00|0.00|0.00|0.00|0.00|0.00|0.00|0.00|0.00,0.000000,1.30,5.16.05,Microsoft,870747,
US5949181045,,8.15.05,1.28,,EUR,1,1.000000,,|[SBroker (H)],,DivAus,0.00|0.00|0.00|0.00|0.00|0.00|0.00|0.00|0.00|0.00|0.00|0.00,0.000000,1.28,8.15.05,Microsoft,870747,
DE000A0DP374,0.00|0.00|0.00,9.15.05,569.45,,EUR,1,1.000000,11.170,|[SBroker (H)],,Kauf,0.00|0.00|0.00|10.95|0.00|0.00|0.00|0.00|0.00|0.00|0.00|0.00,50.000000,569.45,9.15.05,EOP Biodiesel AG,A0DP37,
US5949181045,,11.15.05,1.36,,EUR,1,1.000000,,|[SBroker (H)],,DivAus,0.00|0.00|0.00|0.00|0.00|0.00|0.00|0.00|0.00|0.00|0.00|0.00,0.000000,1.36,11.15.05,Microsoft,870747,
DE0005296503,,12.22.05,,,EUR,1,1.000000,9.650,Kursgewinne:Realisierte Gewinne|,,WP-Entnahme,0.00|0.00|0.00|0.00|0.00|0.00|0.00|0.00|0.00|0.00|0.00|0.00,7.000000,67.55,12.22.05,Combots AG Inhaber-Aktien,,
DE000CMBT111,,12.22.05,,,EUR,1,1.000000,8.279,,,WP-Einlage,0.00|0.00|0.00|0.00|0.00|0.00|0.00|0.00|0.00|0.00|0.00|0.00,7.000000,57.95,12.22.05,Atevia AG,CMBT11,
US5949181045,,2.15.06,1.51,,EUR,1,1.000000,,|[SBroker (H)],,DivAus,0.00|0.00|0.00|0.00|0.00|0.00|0.00|0.00|0.00|0.00|0.00|0.00,0.000000,1.51,2.15.06,Microsoft,870747,
DE0009751750,0.00|0.00|0.00,4.20.06,50.22,Depotkosten:Ausgabeaufschlag,EUR,2,1.000000,169.800,|[SBroker (H)],,Kauf,0.00|0.00|0.00|0.00|0.00|0.00|0.00|0.98|0.00|0.00|0.00|0.00,0.290000,50.22,4.20.06,UBS (D) Equity Fund - Mid Caps Germany,975175,
LU0124427344,,4.20.06,0.88,,EUR,2,1.000000,,|[SBroker (H)],,Payout,0.00|0.00|0.00|0.00|0.00|0.00|0.00|0.00|0.00|0.00|0.00|0.00,0.000000,0.88,4.20.06,DekaStruktur: 3 Wachstum,554002,
DE0005557508,,5.4.06,14.40,,EUR,1,1.000000,,|[SBroker (H)],,DivIn,0.00|0.00|0.00|0.00|0.00|0.00|0.00|0.00|0.00|0.00|0.00|0.00,0.000000,14.40,5.4.06,Deutsche Telekom AG Namens-Aktien o.N.,555750,
US5949181045,0.00|0.00|0.00,5.9.06,945.45,,EUR,1,1.000000,18.690,|[SBroker (H)],,Kauf,0.00|0.00|0.00|10.95|0.00|0.00|0.00|0.00|0.00|0.00|0.00|0.00,50.000000,945.45,5.9.06,Microsoft,870747,
US5949181045,,5.15.06,4.87,,EUR,1,1.000000,,|[SBroker (H)],,DivAus,0.00|0.00|0.00|0.00|0.00|0.00|0.00|0.00|0.00|0.00|0.00|0.00,0.000000,4.87,5.15.06,Microsoft,870747,
DE0009751750,0.00|0.00|0.00,5.22.06,48.68,Depotkosten:Ausgabeaufschlag,EUR,2,1.000000,155.980,|[SBroker (H)],,Kauf,0.00|0.00|0.00|0.00|0.00|0.00|0.00|0.95|0.00|0.00|0.00|0.00,0.306000,48.68,5.22.06,UBS (D) Equity Fund - Mid Caps Germany,975175,
DE0009751750,0.00|0.00|0.00,6.20.06,49.71,Depotkosten:Ausgabeaufschlag,EUR,2,1.000000,146.800,|[SBroker (H)],,Kauf,0.00|0.00|0.00|0.00|0.00|0.00|0.00|0.97|0.00|0.00|0.00|0.00,0.332000,49.71,6.20.06,UBS (D) Equity Fund - Mid Caps Germany,975175,
DE0009751750,0.00|0.00|0.00,7.20.06,50.41,Depotkosten:Ausgabeaufschlag,EUR,2,1.000000,148.420,|[SBroker (H)],,Kauf,0.00|0.00|0.00|0.00|0.00|0.00|0.00|0.99|0.00|0.00|0.00|0.00,0.333000,50.41,7.20.06,UBS (D) Equity Fund - Mid Caps Germany,975175,
US5949181045,,8.15.06,4.94,,EUR,1,1.000000,,|[SBroker (H)],,DivAus,0.00|0.00|0.00|0.00|0.00|0.00|0.00|0.00|0.00|0.00|0.00|0.00,0.000000,4.94,8.15.06,Microsoft,870747,
DE0009751750,0.00|0.00|0.00,8.21.06,49.59,Depotkosten:Ausgabeaufschlag,EUR,2,1.000000,156.320,|[SBroker (H)],,Kauf,0.00|0.00|0.00|0.00|0.00|0.00|0.00|0.97|0.00|0.00|0.00|0.00,0.311000,49.59,8.21.06,UBS (D) Equity Fund - Mid Caps Germany,975175,
DE0009751750,0.00|0.00|0.00,9.20.06,49.57,Depotkosten:Ausgabeaufschlag,EUR,2,1.000000,158.310,|[SBroker (H)],,Kauf,0.00|0.00|0.00|0.00|0.00|0.00|0.00|0.97|0.00|0.00|0.00|0.00,0.307000,49.57,9.20.06,UBS (D) Equity Fund - Mid Caps Germany,975175,
DE0009751750,0.00|0.00|0.00,10.20.06,50.62,Depotkosten:Ausgabeaufschlag,EUR,2,1.000000,164.900,|[SBroker (H)],,Kauf,0.00|0.00|0.00|0.00|0.00|0.00|0.00|0.99|0.00|0.00|0.00|0.00,0.301000,50.62,10.20.06,UBS (D) Equity Fund - Mid Caps Germany,975175,
US5949181045,,11.14.06,5.27,,EUR,1,1.000000,,|[SBroker (H)],,DivAus,0.00|0.00|0.00|0.00|0.00|0.00|0.00|0.00|0.00|0.00|0.00|0.00,0.000000,5.27,11.14.06,Microsoft,870747,
DE0009751750,,11.15.06,0.12,,EUR,2,1.000000,,|[SBroker (H)],,Payout,0.00|0.00|0.00|0.00|0.00|0.00|0.00|0.00|0.00|0.00|0.00|0.00,0.000000,0.12,11.15.06,UBS (D) Equity Fund - Mid Caps Germany,975175,
DE0009751750,0.00|0.00|0.00,11.20.06,49.53,Depotkosten:Ausgabeaufschlag,EUR,2,1.000000,169.800,|[SBroker (H)],,Kauf,0.00|0.00|0.00|0.00|0.00|0.00|0.00|0.97|0.00|0.00|0.00|0.00,0.286000,49.53,11.20.06,UBS (D) Equity Fund - Mid Caps Germany,975175,
DE0009751750,0.00|0.00|0.00,12.20.06,50.72,Depotkosten:Ausgabeaufschlag,EUR,2,1.000000,176.330,|[SBroker (H)],,Kauf,0.00|0.00|0.00|0.00|0.00|0.00|0.00|0.99|0.00|0.00|0.00|0.00,0.282000,50.72,12.20.06,UBS (D) Equity Fund - Mid Caps Germany,975175,
DE0009751750,0.00|0.00|0.00,1.22.07,50.05,Depotkosten:Ausgabeaufschlag,EUR,2,1.000000,185.870,|[SBroker (H)],,Kauf,0.00|0.00|0.00|0.00|0.00|0.00|0.00|0.98|0.00|0.00|0.00|0.00,0.264000,50.05,1.22.07,UBS (D) Equity Fund - Mid Caps Germany,975175,
US5949181045,,2.13.07,5.32,,EUR,1,1.000000,,|[SBroker (H)],,DivAus,0.00|0.00|0.00|0.00|0.00|0.00|0.00|0.00|0.00|0.00|0.00|0.00,0.000000,5.32,2.13.07,Microsoft,870747,
DE0009751750,0.00|0.00|0.00,2.20.07,50.61,Depotkosten:Ausgabeaufschlag,EUR,2,1.000000,199.280,|[SBroker (H)],,Kauf,0.00|0.00|0.00|0.00|0.00|0.00|0.00|0.99|0.00|0.00|0.00|0.00,0.249000,50.61,2.20.07,UBS (D) Equity Fund - Mid Caps Germany,975175,
DE0009751750,0.00|0.00|0.00,3.20.07,50.83,Depotkosten:Ausgabeaufschlag,EUR,2,1.000000,192.380,|[SBroker (H)],,Kauf,0.00|0.00|0.00|0.00|0.00|0.00|0.00|1.00|0.00|0.00|0.00|0.00,0.259000,50.83,3.20.07,UBS (D) Equity Fund - Mid Caps Germany,975175,
LU0124427344,,4.20.07,0.90,,EUR,2,1.000000,,|[Privatgiro],AUSSCH�TTUNG DEKASTRUKTUR,Payout,0.00|0.00|0.00|0.00|0.00|0.00|0.00|0.00|0.00|0.00|0.00|0.00,0.000000,0.90,4.20.07,DekaStruktur: 3 Wachstum,554002,
DE0009751750,0.00|0.00|0.00,4.20.07,51.03,,EUR,2,1.000000,208.458,|[Privatgiro],REFER* 0000015650177  DE0009751750 UBS D EQ.FD-MI,Kauf,0.00|0.00|1.00|0.00|0.00|0.00|0.00|0.00|0.00|0.00|0.00|0.00,0.240000,51.03,4.20.07,UBS (D) Equity Fund - Mid Caps Germany,975175,
DE0005557508,,5.4.07,14.40,,EUR,1,1.000000,,|[Privatgiro],AUSSCH�TTUNG DT.TELEKOM AG,DivIn,0.00|0.00|0.00|0.00|0.00|0.00|0.00|0.00|0.00|0.00|0.00|0.00,0.000000,14.40,5.4.07,Deutsche Telekom AG Namens-Aktien o.N.,555750,
DE0009751750,0.00|0.00|0.00,5.21.07,50.54,,EUR,2,1.000000,215.435,|[Privatgiro],REFER* 0000016040359  DE0009751750 UBS D EQ.FD-MI,Kauf,0.00|0.00|0.99|0.00|0.00|0.00|0.00|0.00|0.00|0.00|0.00|0.00,0.230000,50.54,5.21.07,UBS (D) Equity Fund - Mid Caps Germany,975175,
US5949181045,,6.14.07,4.45,,EUR,1,1.000000,,|[Privatgiro],AUSSCH�TTUNG MICROSOFT    D,DivAus,0.00|0.00|0.00|0.00|0.00|0.00|0.00|0.00|0.00|0.00|0.00|0.00,0.000000,4.45,6.14.07,Microsoft,870747,
DE0009751750,0.00|0.00|0.00,6.25.07,50.45,,EUR,2,1.000000,218.850,|[Privatgiro],REFER* 0000016336212  DE0009751750 UBS D EQ.FD-MI,Kauf,0.00|0.00|0.99|0.00|0.00|0.00|0.00|0.00|0.00|0.00|0.00|0.00,0.226000,50.45,6.25.07,UBS (D) Equity Fund - Mid Caps Germany,975175,
DE0009751750,0.00|0.00|0.00,7.23.07,49.95,,EUR,2,1.000000,220.586,|[Privatgiro],REFER* 0000016820108  DE0009751750 UBS D EQ.FD-MI,Kauf,0.00|0.00|0.98|0.00|0.00|0.00|0.00|0.00|0.00|0.00|0.00|0.00,0.222000,49.95,7.23.07,UBS (D) Equity Fund - Mid Caps Germany,975175,
DE0009751750,0.00|0.00|0.00,8.22.07,51.82,,EUR,2,1.000000,190.262,|[Privatgiro],UBS D EQ.FD-MIDCAP,Kauf,0.00|0.00|1.02|0.00|0.00|0.00|0.00|0.00|0.00|0.00|0.00|0.00,0.267000,51.82,8.22.07,UBS (D) Equity Fund - Mid Caps Germany,975175,
US5949181045,,9.13.07,4.30,,EUR,1,1.000000,,|[Privatgiro],AUSSCH�TTUNG MICROSOFT    D,DivAus,0.00|0.00|0.00|0.00|0.00|0.00|0.00|0.00|0.00|0.00|0.00|0.00,0.000000,4.30,9.13.07,Microsoft,870747,
DE0009751750,0.00|0.00|0.00,9.26.07,49.97,,EUR,2,1.000000,201.605,|[Privatgiro],REFER* 0000017384567  DE0009751750 UBS D EQ.FD-MI,Kauf,0.00|0.00|0.98|0.00|0.00|0.00|0.00|0.00|0.00|0.00|0.00|0.00,0.243000,49.97,9.26.07,UBS (D) Equity Fund - Mid Caps Germany,975175,
DE0009751750,0.00|0.00|0.00,10.26.07,49.12,,EUR,2,1.000000,205.812,|[Privatgiro],REFER* 0000017821683  DE0009751750 UBS D EQ.FD-MI,Kauf,0.00|0.00|0.96|0.00|0.00|0.00|0.00|0.00|0.00|0.00|0.00|0.00,0.234000,49.12,10.26.07,UBS (D) Equity Fund - Mid Caps Germany,975175,
DE0009751750,,11.5.07,0.05,,EUR,2,1.000000,,|[Privatgiro],AUSSCH�TTUNG UBS D EQ.FD-MI  / Ertragsthesaurierung,Payout,0.00|0.00|0.00|0.00|0.00|0.00|0.00|0.00|0.00|0.00|0.00|0.00,0.000000,0.05,11.5.07,UBS (D) Equity Fund - Mid Caps Germany,975175,
DE0009751750,0.00|0.00|0.00,11.23.07,49.77,,EUR,2,1.000000,182.734,|[Privatgiro],REFER* 0000018148868  DE0009751750 UBS D EQ.FD-MI,Kauf,0.00|0.00|0.98|0.00|0.00|0.00|0.00|0.00|0.00|0.00|0.00|0.00,0.267000,49.77,11.23.07,UBS (D) Equity Fund - Mid Caps Germany,975175,
US5949181045,,12.13.07,4.43,,EUR,1,1.000000,,|[Privatgiro],AUSSCH�TTUNG MICROSOFT    D,DivAus,0.00|0.00|0.00|0.00|0.00|0.00|0.00|0.00|0.00|0.00|0.00|0.00,0.000000,4.43,12.13.07,Microsoft,870747,
DE0009751750,0.00|0.00|0.00,12.27.07,50.29,,EUR,2,1.000000,186.742,|[Privatgiro],REFER* 0000018615194  DE0009751750 UBS D EQ.FD-MI,Kauf,0.00|0.00|0.99|0.00|0.00|0.00|0.00|0.00|0.00|0.00|0.00|0.00,0.264000,50.29,12.27.07,UBS (D) Equity Fund - Mid Caps Germany,975175,
DE0009751750,0.00|0.00|0.00,1.25.08,47.47,,EUR,2,1.000000,152.590,|[Privatgiro],REFER* 0000019154441  DE0009751750 UBS D EQ.FD-MI,Kauf,0.00|0.00|0.93|0.00|0.00|0.00|0.00|0.00|0.00|0.00|0.00|0.00,0.305000,47.47,1.25.08,UBS (D) Equity Fund - Mid Caps Germany,975175,
DE0009751750,0.00|0.00|0.00,2.25.08,49.82,,EUR,2,1.000000,177.600,|[Privatgiro],REFER* 0000019440508  DE0009751750 UBS D EQ.FD-MI,Kauf,0.00|0.00|0.98|0.00|0.00|0.00|0.00|0.00|0.00|0.00|0.00|0.00,0.275000,49.82,2.25.08,UBS (D) Equity Fund - Mid Caps Germany,975175,
US5949181045,,3.13.08,4.26,,EUR,1,1.000000,,|[Privatgiro],AUSSCH�TTUNG MICROSOFT    D,DivAus,0.00|0.00|0.00|0.00|0.00|0.00|0.00|0.00|0.00|0.00|0.00|0.00,0.000000,4.26,3.13.08,Microsoft,870747,
DE0009751750,0.00|0.00|0.00,3.28.08,50.37,,EUR,2,1.000000,161.902,|[Privatgiro],REFER* 0000019729419  DE0009751750 UBS D EQ.FD-MI,Kauf,0.00|0.00|0.99|0.00|0.00|0.00|0.00|0.00|0.00|0.00|0.00|0.00,0.305000,50.37,3.28.08,UBS (D) Equity Fund - Mid Caps Germany,975175,
DE0009751750,0.00|0.00|0.00,4.21.08,50.62,,EUR,2,1.000000,179.819,|[Privatgiro],REFER* 0000020188339  DE0009751750 UBS D EQ.FD-MI,Kauf,0.00|0.00|0.99|0.00|0.00|0.00|0.00|0.00|0.00|0.00|0.00|0.00,0.276000,50.62,4.21.08,UBS (D) Equity Fund - Mid Caps Germany,975175,
LU0124427344,,4.22.08,1.12,,EUR,2,1.000000,,|[Privatgiro],AUSSCH�TTUNG DEKASTRUKTUR,Payout,0.00|0.00|0.00|0.00|0.00|0.00|0.00|0.00|0.00|0.00|0.00|0.00,0.000000,1.12,4.22.08,DekaStruktur: 3 Wachstum,554002,
DE000CMBT111,,5.7.08,8.40,,EUR,1,1.000000,,|[Privatgiro],AUSSCH�TTUNG COMBOTS AG,DivIn,0.00|0.00|0.00|0.00|0.00|0.00|0.00|0.00|0.00|0.00|0.00|0.00,0.000000,8.40,5.7.08,Atevia AG,CMBT11,
DE0005557508,,5.16.08,15.60,,EUR,1,1.000000,,|[Privatgiro],AUSSCH�TTUNG DT.TELEKOM AG,DivIn,0.00|0.00|0.00|0.00|0.00|0.00|0.00|0.00|0.00|0.00|0.00|0.00,0.000000,15.60,5.16.08,Deutsche Telekom AG Namens-Aktien o.N.,555750,
DE0009751750,0.00|0.00|0.00,5.26.08,48.63,,EUR,2,1.000000,192.258,|[Privatgiro],REFER* 0000020633720  DE0009751750 UBS D EQ.FD-MI,Kauf,0.00|0.00|0.95|0.00|0.00|0.00|0.00|0.00|0.00|0.00|0.00|0.00,0.248000,48.63,5.26.08,UBS (D) Equity Fund - Mid Caps Germany,975175,
US5949181045,,6.12.08,4.19,,EUR,1,1.000000,,|[Privatgiro],AUSSCH�TTUNG MICROSOFT    D,DivAus,0.00|0.00|0.00|0.00|0.00|0.00|0.00|0.00|0.00|0.00|0.00|0.00,0.000000,4.19,6.12.08,Microsoft,870747,
DE0009751750,0.00|0.00|0.00,6.25.08,48.94,,EUR,2,1.000000,184.538,|[Privatgiro],REFER* 0000020960513  DE0009751750 UBS D EQ.FD-MI,Kauf,0.00|0.00|0.96|0.00|0.00|0.00|0.00|0.00|0.00|0.00|0.00|0.00,0.260000,48.94,6.25.08,UBS (D) Equity Fund - Mid Caps Germany,975175,
DE0009751750,0.00|0.00|0.00,7.28.08,50.84,,EUR,2,1.000000,166.133,|[Privatgiro],REFER* 0000021572354  DE0009751750 UBS D EQ.FD-MI,Kauf,0.00|0.00|1.00|0.00|0.00|0.00|0.00|0.00|0.00|0.00|0.00|0.00,0.300000,50.84,7.28.08,UBS (D) Equity Fund - Mid Caps Germany,975175,
DE0009751750,0.00|0.00|0.00,8.28.08,50.78,,EUR,2,1.000000,160.064,|[Privatgiro],REFER* 0000021835029  DE0009751750 UBS D EQ.FD-MI,Kauf,0.00|0.00|1.00|0.00|0.00|0.00|0.00|0.00|0.00|0.00|0.00|0.00,0.311000,50.78,8.28.08,UBS (D) Equity Fund - Mid Caps Germany,975175,
US5949181045,,9.11.08,4.61,,EUR,1,1.000000,,|[Privatgiro],AUSSCH�TTUNG MICROSOFT    D,DivAus,0.00|0.00|0.00|0.00|0.00|0.00|0.00|0.00|0.00|0.00|0.00|0.00,0.000000,4.61,9.11.08,Microsoft,870747,
DE0009751750,0.00|0.00|0.00,9.29.08,48.30,,EUR,2,1.000000,147.508,|[Privatgiro],REFER* 0000022131624  DE0009751750 UBS D EQ.FD-MI,Kauf,0.00|0.00|0.95|0.00|0.00|0.00|0.00|0.00|0.00|0.00|0.00|0.00,0.321000,48.30,9.29.08,UBS (D) Equity Fund - Mid Caps Germany,975175,
DE0009751750,0.00|0.00|0.00,10.24.08,51.02,,EUR,2,1.000000,108.268,|[Privatgiro],REFER* 0000022720324  DE0009751750 UBS D EQ.FD-MI,Kauf,0.00|0.00|1.00|0.00|0.00|0.00|0.00|0.00|0.00|0.00|0.00|0.00,0.462000,51.02,10.24.08,UBS (D) Equity Fund - Mid Caps Germany,975175,
DE0009751750,,11.19.08,2.07,,EUR,2,1.000000,,|[Privatgiro],AUSSCH�TTUNG UBS D EQ.FD-MI,Payout,0.00|0.00|0.00|0.00|0.00|0.00|0.00|0.00|0.00|0.00|0.00|0.00,0.000000,2.07,11.19.08,UBS (D) Equity Fund - Mid Caps Germany,975175,
DE0009751750,0.00|0.00|0.00,11.26.08,45.52,,EUR,2,1.000000,92.979,|[Privatgiro],REFER* 0000023141752  DE0009751750 UBS D EQ.FD-MI,Kauf,0.00|0.00|0.89|0.00|0.00|0.00|0.00|0.00|0.00|0.00|0.00|0.00,0.480000,45.52,11.26.08,UBS (D) Equity Fund - Mid Caps Germany,975175,
US5949181045,,12.11.08,5.99,,EUR,1,1.000000,,|[Privatgiro],AUSSCH�TTUNG MICROSOFT    D,DivAus,0.00|0.00|0.00|0.00|0.00|0.00|0.00|0.00|0.00|0.00|0.00|0.00,0.000000,5.99,12.11.08,Microsoft,870747,
DE0009751750,0.00|0.00|0.00,12.30.08,50.19,,EUR,2,1.000000,102.950,|[Privatgiro],REFER* 0000023566279  DE0009751750 UBS D EQ.FD-MI,Kauf,0.00|0.00|0.98|0.00|0.00|0.00|0.00|0.00|0.00|0.00|0.00|0.00,0.478000,50.19,12.30.08,UBS (D) Equity Fund - Mid Caps Germany,975175,
US5949181045,,3.12.09,6.07,,EUR,1,1.000000,,|[Privatgiro],AUSSCH�TTUNG MICROSOFT    D,DivAus,0.00|0.00|0.00|0.00|0.00|0.00|0.00|0.00|0.00|0.00|0.00|0.00,0.000000,6.07,3.12.09,Microsoft,870747,
LU0124427344,,4.21.09,0.89,,EUR,2,1.000000,,|[Privatgiro],AUSSCH�TTUNG DEKASTRUKTUR,Payout,0.00|0.00|0.00|0.00|0.00|0.00|0.00|0.00|0.00|0.00|0.00|0.00,0.000000,0.89,4.21.09,DekaStruktur: 3 Wachstum,554002,
DE0005557508,,5.4.09,15.60,,EUR,1,1.000000,,|[Privatgiro],AUSSCH�TTUNG DT.TELEKOM,DivIn,0.00|0.00|0.00|0.00|0.00|0.00|0.00|0.00|0.00|0.00|0.00|0.00,0.000000,15.60,5.5.09,Deutsche Telekom AG Namens-Aktien o.N.,555750,
US5949181045,,6.18.09,5.55,,EUR,1,1.000000,,|[Privatgiro],AUSSCH�TTUNG MICROSOFT    D,DivAus,0.00|0.00|0.00|0.00|0.00|0.00|0.00|0.00|0.00|0.00|0.00|0.00,0.000000,5.55,6.18.09,Microsoft,870747,
US5949181045,,9.10.09,5.36,,EUR,1,1.000000,,|[Privatgiro],AUSSCH�TTUNG MICROSOFT    D,DivAus,0.00|0.00|0.00|0.00|0.00|0.00|0.00|0.00|0.00|0.00|0.00|0.00,0.000000,5.36,9.10.09,Microsoft,870747,
DE0009751750,,11.18.09,7.01,,EUR,2,1.000000,,|[Privatgiro],AUSSCH�TTUNG UBS D EQ.FD-MI,Payout,0.00|0.00|0.00|0.00|0.00|0.00|0.00|0.00|0.00|0.00|0.00|0.00,0.000000,7.01,11.18.09,UBS (D) Equity Fund - Mid Caps Germany,975175,
US5949181045,0.00|0.00|0.00,11.27.09,"1,368.80",,EUR,1,1.000000,19.710,Kursgewinne:Realisierte Gewinne|[Privatgiro],REFER* 0000028535224  US5949181045 MICROSOFT    D,Verkauf,0.00|0.00|0.00|9.95|0.00|0.00|0.00|0.00|0.00|0.95|0.00|0.00,70.000000,"1,368.80",11.27.09,Microsoft,870747,
US5949181045,,12.10.09,5.21,,EUR,1,1.000000,,|[Privatgiro],SPARKASSEN BROKER 163235,DivAus,0.00|0.00|0.00|0.00|0.00|0.00|0.00|0.00|0.00|0.00|0.00|0.00,0.000000,5.21,12.10.09,Microsoft,870747,
LU0124427344,,4.20.10,0.72,,EUR,2,1.000000,,|[Privatgiro],AUSSCH�TTUNG DEKASTRUKTUR,Payout,0.00|0.00|0.00|0.00|0.00|0.00|0.00|0.00|0.00|0.00|0.00|0.00,0.000000,0.72,4.20.10,DekaStruktur: 3 Wachstum,554002,
DE0005557508,,5.4.10,15.60,,EUR,1,1.000000,,|[Privatgiro],AUSSCH�TTUNG DEUTSCHE TELEK,DivIn,0.00|0.00|0.00|0.00|0.00|0.00|0.00|0.00|0.00|0.00|0.00|0.00,0.000000,15.60,5.4.10,Deutsche Telekom AG Namens-Aktien o.N.,555750,
DE000CMBT111,,5.20.10,7.00,,EUR,1,1.000000,,|[Privatgiro],AUSSCH�TTUNG KIZOO AG  NA O,DivIn,0.00|0.00|0.00|0.00|0.00|0.00|0.00|0.00|0.00|0.00|0.00|0.00,0.000000,7.00,5.20.10,Atevia AG,CMBT11,
LU0124427344,,4.21.11,0.70,,EUR,2,1.000000,,|[Privatgiro],AUSSCH�TTUNG DEKASTRUKTUR,Payout,0.00|0.00|0.00|0.00|0.00|0.00|0.00|0.00|0.00|0.00|0.00|0.00,0.000000,0.70,4.20.11,DekaStruktur: 3 Wachstum,554002,
DE0005557508,,5.13.11,14.00,,EUR,1,1.000000,,|[Privatgiro],AUSSCH�TTUNG DT.TELEKOM AG,DivIn,0.00|0.00|0.00|0.00|0.00|0.00|0.00|0.00|0.00|0.00|0.00|0.00,0.000000,14.00,5.13.11,Deutsche Telekom AG Namens-Aktien o.N.,555750,
LU0124427344,,4.23.12,0.83,,EUR,2,1.000000,,|[Privatgiro],AUSSCHUETTUNG DEKASTRUKTUR,Payout,0.00|0.00|0.00|0.00|0.00|0.00|0.00|0.00|0.00|0.00|0.00|0.00,0.000000,0.83,4.20.12,DekaStruktur: 3 Wachstum,554002,
DE000CMBT111,,5.4.12,17.50,,EUR,1,1.000000,,|[Privatgiro],AUSSCHUETTUNG KIZOO AG NA O,DivIn,0.00|0.00|0.00|0.00|0.00|0.00|0.00|0.00|0.00|0.00|0.00|0.00,0.000000,17.50,5.4.12,Atevia AG,CMBT11,
DE0005557508,,5.25.12,14.00,,EUR,1,1.000000,,|[Privatgiro],AUSSCHUETTUNG DT.TELEKOM AG,DivIn,0.00|0.00|0.00|0.00|0.00|0.00|0.00|0.00|0.00|0.00|0.00|0.00,0.000000,14.00,5.25.12,Deutsche Telekom AG Namens-Aktien o.N.,555750,
DE0009751750,,11.16.12,0.39,,EUR,2,1.000000,,|[Privatgiro],AUSSCH�TTUNG UBS D EQ.FD-MI,Payout,0.00|0.00|0.00|0.00|0.00|0.00|0.00|0.00|0.00|0.00|0.00|0.00,0.000000,0.39,11.16.12,UBS (D) Equity Fund - Mid Caps Germany,975175,
LU0124427344,,4.22.13,0.51,,EUR,2,1.000000,,|[Privatgiro],AUSSCHUETTUNG DEKASTRUKTUR,Payout,0.00|0.00|0.00|0.00|0.00|0.00|0.00|0.00|0.00|0.00|0.00|0.00,0.000000,0.51,4.19.13,DekaStruktur: 3 Wachstum,554002,
DE0005557508,,6.12.13,14.00,,EUR,1,1.000000,,|[Privatgiro],0101110613   2  0130611/072935100  /0/0/,DivIn,0.00|0.00|0.00|0.00|0.00|0.00|0.00|0.00|0.00|0.00|0.00|0.00,0.000000,14.00,6.11.13,Deutsche Telekom AG Namens-Aktien o.N.,555750,
DE0009751750,,11.18.13,0.78,,EUR,2,1.000000,,|[Privatgiro],AUSSCH�TTUNG UBS D EQ.FD-MI,Payout,0.00|0.00|0.00|0.00|0.00|0.00|0.00|0.00|0.00|0.00|0.00|0.00,0.000000,0.78,11.18.13,UBS (D) Equity Fund - Mid Caps Germany,975175,
LU0124427344,,4.28.14,0.64,,EUR,2,1.000000,,|[Privatgiro],AUSSCHUTTUNG DEKASTRUKTUR,DivIn,0.00|0.00|0.00|0.00|0.00|0.00|0.00|0.00|0.00|0.00|0.00|0.00,0.000000,0.64,4.25.14,DekaStruktur: 3 Wachstum,554002,
DE0005557508,,6.10.14,10.00,,EUR,1,1.000000,,|[Privatgiro],Dividendengutschrift,DivIn,0.00|0.00|0.00|0.00|0.00|0.00|0.00|0.00|0.00|0.00|0.00|0.00,0.000000,10.00,6.10.14,Deutsche Telekom AG Namens-Aktien o.N.,555750,
LU0124427344,,4.25.15,0.60,,EUR,2,1.000000,,|[Privatgiro],AUSSCHUTTUNG DEKASTRUKTUR EREF+66488576,Payout,0.00|0.00|0.00|0.00|0.00|0.00|0.00|0.00|0.00|0.00|0.00|0.00,0.000000,0.60,4.24.15,DekaStruktur: 3 Wachstum,554002,
DE0005557508,,6.16.15,10.00,,EUR,1,1.000000,,|[Privatgiro],WERTPAPIERE NONREF EREF+67970597,DivIn,0.00|0.00|0.00|0.00|0.00|0.00|0.00|0.00|0.00|0.00|0.00|0.00,0.000000,10.00,6.16.15,Deutsche Telekom AG Namens-Aktien o.N.,555750,
DE000CMBT111,,7.24.15,3.15,,EUR,1,1.000000,,|[Privatgiro],AUSSCHUTTUNG ATEVIA AG NA EREF+69166884,DivIn,0.00|0.00|0.00|0.00|0.00|0.00|0.00|0.00|0.00|0.00|0.00|0.00,0.000000,3.15,7.24.15,Atevia AG,CMBT11,
DE0009751750,,10.22.15,1.79,,EUR,2,1.000000,,|[Privatgiro],AUSSCHUTTUNG UBS D EQ.FD-MI EREF+71218872,Payout,0.00|0.00|0.00|0.00|0.00|0.00|0.00|0.00|0.00|0.00|0.00|0.00,0.000000,1.79,10.14.15,UBS (D) Equity Fund - Mid Caps Germany,975175,
LU0124427344,,4.25.16,0.87,,EUR,2,1.000000,,|[Privatgiro],Ertr�gnisgutschrift AUSSCHUTTUNG DEKASTRUKTUR,Payout,0.00|0.00|0.00|0.00|0.00|0.00|0.00|0.00|0.00|0.00|0.00|0.00,0.000000,0.87,4.27.16,DekaStruktur: 3 Wachstum,554002,
DE0005557508,,6.21.16,11.00,,EUR,1,1.000000,,|[Privatgiro],AUSSCHUTTUNG DT.TELEKOM AG EREF+76723047,DivIn,0.00|0.00|0.00|0.00|0.00|0.00|0.00|0.00|0.00|0.00|0.00|0.00,0.000000,11.00,6.21.16,Deutsche Telekom AG Namens-Aktien o.N.,555750,
DE000CMBT111,0.00|0.00|0.00,9.5.16,49.91,,EUR,1,1.000000,7.130,Kursgewinne:Realisierte Gewinne|[Privatgiro],Ausbuchung/Barausgleich,Verkauf,0.00|0.00|0.00|0.00|0.00|0.00|0.00|0.00|0.00|0.00|0.00|0.00,7.000000,49.91,9.6.16,Atevia AG,CMBT11,
DE000CMBT111,,9.6.16,0.07,,EUR,1,1.000000,,|[Privatgiro],Ertr�gnisgutschrift,DivIn,0.00|0.00|0.00|0.00|0.00|0.00|0.00|0.00|0.00|0.00|0.00|0.00,0.000000,0.07,9.6.16,Atevia AG,CMBT11,
DE0009751750,,10.11.16,,,EUR,2,1.000000,342.590,Kursgewinne:Realisierte Gewinne|,Ausbuchung,WP-Entnahme,0.00|0.00|0.00|0.00|0.00|0.00|0.00|0.00|0.00|0.00|0.00|0.00,9.734000,"3,334.77",10.7.16,UBS (D) Equity Fund - Mid Caps Germany,975175,
DE0009751651,,10.11.16,,,EUR,2,1.000000,433.087,,Einbuchung,WP-Einlage,0.00|0.00|0.00|0.00|0.00|0.00|0.00|0.00|0.00|0.00|0.00|0.00,7.700000,"3,334.77",10.7.16,UBS (D) Equity Fund - SmallerGerman Companies,975165,
DE0009751750,,10.19.16,15.28,,EUR,2,1.000000,,|[Privatgiro],WERTPAPIERE NONREF EREF+78750465,DivIn,0.00|0.00|0.00|0.00|0.00|0.00|0.00|0.00|0.00|0.00|0.00|0.00,0.000000,15.28,10.13.16,UBS (D) Equity Fund - Mid Caps Germany,975175,
DE0009751651,0.00|0.00|0.00,3.8.17,"1,680.28",,EUR,2,1.000000,454.130,Kursgewinne:Realisierte Gewinne|[Privatgiro],DE0009751651 UBS D EQ.FD SM EREF+SBROKER0000070957339,Verkauf,0.00|0.00|0.00|0.00|0.00|0.00|0.00|0.00|0.00|0.00|0.00|0.00,3.700000,"1,680.28",3.10.17,UBS (D) Equity Fund - SmallerGerman Companies,975165,
LU0124427344,0.00|0.00|0.00,3.8.17,43.49,,EUR,2,1.000000,44.242,Kursgewinne:Realisierte Gewinne|[Privatgiro],LU0124427344 DEKASTRUKTUR EREF+SBROKER0000070957328,Verkauf,0.00|0.00|0.00|0.00|0.00|0.00|0.00|0.00|0.00|0.00|0.00|0.00,0.983000,43.49,3.10.17,DekaStruktur: 3 Wachstum,554002,
DE0009751651,0.00|0.00|0.00,5.23.17,"2,028.68",,EUR,2,1.000000,507.170,Kursgewinne:Realisierte Gewinne|[Privatgiro],DE0009751651 UBS D EQ.FD SM,Verkauf,0.00|0.00|0.00|0.00|0.00|0.00|0.00|0.00|0.00|0.00|0.00|0.00,4.000000,"2,028.68",5.25.17,UBS (D) Equity Fund - SmallerGerman Companies,975165,
DE0005557508,,6.27.17,12.00,,EUR,1,1.000000,,|[Privatgiro],WERTPAPIERE,DivIn,0.00|0.00|0.00|0.00|0.00|0.00|0.00|0.00|0.00|0.00|0.00|0.00,0.000000,12.00,6.27.17,Deutsche Telekom AG Namens-Aktien o.N.,555750,
DE0005557508,,5.22.18,13.00,,EUR,1,1.000000,,|[Privatgiro],AUSSCHUTTUNG DT.TELEKOM AG,DivIn,0.00|0.00|0.00|0.00|0.00|0.00|0.00|0.00|0.00|0.00|0.00|0.00,0.000000,13.00,5.22.18,Deutsche Telekom AG Namens-Aktien o.N.,555750,
DE0005557508,,4.2.19,14.00,,EUR,1,1.000000,,|[Privatgiro],AUSSCHUTTUNG DT.TELEKOM AG,DivIn,0.00|0.00|0.00|0.00|0.00|0.00|0.00|0.00|0.00|0.00|0.00|0.00,0.000000,14.00,4.2.19,Deutsche Telekom AG Namens-Aktien o.N.,555750,
DE0005557508,,6.24.20,12.00,,EUR,1,1.000000,,|[Privatgiro],AUSSCHUTTUNG DT.TELEKOM AG,DivIn,0.00|0.00|0.00|0.00|0.00|0.00|0.00|0.00|0.00|0.00|0.00|0.00,0.000000,12.00,6.26.20,Deutsche Telekom AG Namens-Aktien o.N.,555750,
DE0005557508,,4.8.21,12.00,,EUR,1,1.000000,,|[Privatgiro],AUSSCHUTTUNG DT.TELEKOM AG,DivIn,0.00|0.00|0.00|0.00|0.00|0.00|0.00|0.00|0.00|0.00|0.00|0.00,0.000000,12.00,4.8.21,Deutsche Telekom AG Namens-Aktien o.N.,555750,
DE0005557508,,4.11.22,12.80,,EUR,1,1.000000,,|[Privatgiro],AUSSCHUETTUNG DT.TELEKOM AGCIBAN+ DE96860555921900002180CREF+,DivIn,0.00|0.00|0.00|0.00|0.00|0.00|0.00|0.00|0.00|0.00|0.00|0.00,0.000000,12.80,4.12.22,Deutsche Telekom AG Namens-Aktien o.N.,555750,
DE0005557508,,4.12.23,14.00,,EUR,1,1.000000,,|[Privatgiro],AUSSCHUETTUNG DT.TELEKOM AG 134684393,DivIn,0.00|0.00|0.00|0.00|0.00|0.00|0.00|0.00|0.00|0.00|0.00|0.00,0.000000,14.00,4.12.23,Deutsche Telekom AG Namens-Aktien o.N.,555750,
DE0005557508,,4.15.24,15.40,,EUR,1,1.000000,,|[Privatgiro],AUSSCHUETTUNG DT.TELEKOM AG 145392401,DivIn,0.00|0.00|0.00|0.00|0.00|0.00|0.00|0.00|0.00|0.00|0.00|0.00,0.000000,15.40,4.15.24,Deutsche Telekom AG Namens-Aktien o.N.,555750,
